20240901,カネスエ,234,自由
20240901,カネスエ,234,自由
20240901,カネスエ,234,自由
20240901,カネスエ,234,自由
20240901,カネスエ,234,自由
20240901,カネスエ,234,自由
20240901,カネスエ,234,自由
20240901,カネスエ,234,自由
20240901,カネスエ,234,自由
20240901,カネスエ,234,自由
20240901,カネスエ,234,自由
20240901,カネスエ,234,自由
20240901,カネスエ,234,自由
20240901,カネスエ,234,自由
20240901,カネスエ,234,自由
20240901,カネスエ,234,自由
20240901,カネスエ,234,自由
20240901,カネスエ,234,自由
20240901,カネスエ,234,自由
20240901,カネスエ,234,自由
20240901,カネスエ,234,自由
20240901,カネスエ,234,自由
20240901,カネスエ,234,自由
20240901,カネスエ,234,自由
20240901,カネスエ,234,自由
20240901,カネスエ,234,自由
20240901,カネスエ,234,自由
20240901,カネスエ,234,自由
20240901,カネスエ,234,自由
20240901,カネスエ,234,自由
20240901,カネスエ,234,自由
20240901,カネスエ,234,自由
20240901,カネスエ,234,自由
20240901,カネスエ,234,自由
20240901,カネスエ,234,自由
20240901,カネスエ,234,自由
20240901,カネスエ,234,自由
20240901,カネスエ,234,自由
20240901,カネスエ,234,自由
20240901,カネスエ,234,自由
20240901,カネスエ,234,自由
20240901,カネスエ,234,自由
20240901,カネスエ,234,自由
20240901,カネスエ,234,自由
20240901,カネスエ,234,自由
20240901,カネスエ,234,自由
20240901,カネスエ,234,自由
20240901,カネスエ,234,自由
20240901,カネスエ,234,自由
20240901,カネスエ,234,自由
